target,seed,multimodal,temperature_only,vibration_only
Bearing1_1,0,0.123596817531737,0.278532739816669,0.1646922775825107
Bearing1_1,1,0.1200124839250208,0.2785292352996575,0.1075133139835752
Bearing1_1,2,0.0880068473044623,0.2785361334025585,0.1238177588094557
Bearing1_1,3,0.1028870626192958,0.2785910053542286,0.1186482507605202
Bearing1_4,0,0.1062641368119301,0.2567896247559871,0.2285988928545056
Bearing1_4,1,0.1135600800152789,0.2567511582403111,0.2056846568584727
Bearing1_4,2,0.1272314622022887,0.2567736426422201,0.14405169138263
Bearing1_4,3,0.1311966692033171,0.2567906289756337,0.2237982378535961
Bearing2_1,0,0.0984851376326617,0.3243967079930593,0.1520759085595239
Bearing2_1,1,0.1083850370848936,0.324308096046431,0.1643962893299819
Bearing2_1,2,0.1079870295593504,0.3243060445785029,0.0985524455255831
Bearing2_1,3,0.1314835245400934,0.3243598409582113,0.3193106523335728
Bearing2_4,0,0.2017130098783667,0.1932007927675824,0.2888843795402881
Bearing2_4,1,0.1139232852041937,0.1932192709258769,0.3038143187435163
Bearing2_4,2,0.1613339375732781,0.1932190371342023,0.3398613535963088
Bearing2_4,3,0.1979033515834951,0.1932186782609616,0.3230828468759821
