target,arm,seed,rmse_raw,rmse_normalized
Bearing1_1,multimodal,0,12.06540361619338,0.123596817531737
Bearing1_1,multimodal,1,11.7155043831568,0.1200124839250208
Bearing1_1,multimodal,2,8.59114461781656,0.0880068473044623
Bearing1_1,multimodal,3,10.043737065216977,0.1028870626192958
Bearing1_1,vibration_only,0,16.077103287816527,0.1646922775825107
Bearing1_1,vibration_only,1,10.49534731744425,0.1075133139835752
Bearing1_1,vibration_only,2,12.086971693304015,0.1238177588094557
Bearing1_1,vibration_only,3,11.58232924090793,0.1186482507605202
Bearing1_4,multimodal,0,10.03432611537874,0.1062641368119301
Bearing1_4,multimodal,1,10.72326855276241,0.1135600800152789
Bearing1_4,multimodal,2,12.014231914702922,0.1272314622022887
Bearing1_4,multimodal,3,12.388659086061033,0.1311966692033171
Bearing1_4,vibration_only,0,21.58617111412047,0.2285988928545056
Bearing1_4,vibration_only,1,19.422422143234083,0.2056846568584727
Bearing1_4,vibration_only,2,13.602535080705827,0.14405169138263
Bearing1_4,vibration_only,3,21.1328541316299,0.2237982378535961
Bearing2_1,multimodal,0,9.84851376326617,0.0984851376326617
Bearing2_1,multimodal,1,10.838503708489366,0.1083850370848936
Bearing2_1,multimodal,2,10.798702955935047,0.1079870295593504
Bearing2_1,multimodal,3,13.148352454009345,0.1314835245400934
Bearing2_1,vibration_only,0,15.207590855952391,0.1520759085595239
Bearing2_1,vibration_only,1,16.439628932998197,0.1643962893299819
Bearing2_1,vibration_only,2,9.855244552558313,0.0985524455255831
Bearing2_1,vibration_only,3,31.931065233357284,0.3193106523335728
Bearing2_4,multimodal,0,20.17130098783668,0.2017130098783667
Bearing2_4,multimodal,1,11.392328520419372,0.1139232852041937
Bearing2_4,multimodal,2,16.13339375732782,0.1613339375732781
Bearing2_4,multimodal,3,19.79033515834951,0.1979033515834951
Bearing2_4,vibration_only,0,28.888437954028817,0.2888843795402881
Bearing2_4,vibration_only,1,30.381431874351627,0.3038143187435163
Bearing2_4,vibration_only,2,33.986135359630886,0.3398613535963088
Bearing2_4,vibration_only,3,32.30828468759822,0.3230828468759821
Bearing1_1,temperature_only,0,27.190100791627213,0.278532739816669
Bearing1_1,temperature_only,1,27.189758684014183,0.2785292352996575
Bearing1_1,temperature_only,2,27.19043207024976,0.2785361334025585
Bearing1_1,temperature_only,3,27.19578861791279,0.2785910053542286
Bearing1_4,temperature_only,0,24.248169844993505,0.2567896247559871
Bearing1_4,temperature_only,1,24.2445375229854,0.2567511582403111
Bearing1_4,temperature_only,2,24.24666068351756,0.2567736426422201
Bearing1_4,temperature_only,3,24.24826467159944,0.2567906289756337
Bearing2_1,temperature_only,0,32.43967079930594,0.3243967079930593
Bearing2_1,temperature_only,1,32.43080960464311,0.324308096046431
Bearing2_1,temperature_only,2,32.430604457850286,0.3243060445785029
Bearing2_1,temperature_only,3,32.435984095821134,0.3243598409582113
Bearing2_4,temperature_only,0,19.320079276758246,0.1932007927675824
Bearing2_4,temperature_only,1,19.3219270925877,0.1932192709258769
Bearing2_4,temperature_only,2,19.32190371342023,0.1932190371342023
Bearing2_4,temperature_only,3,19.321867826096167,0.1932186782609616
