target,arm,rmse_raw_mean,rmse_raw_std,rmse_normalized_mean,rmse_normalized_std
Bearing1_1,multimodal,10.60394742059593,1.6058874864923363,0.10862580284512897,0.016450554739677572
Bearing1_1,vibration_only,12.56043788486818,2.436691839489296,0.12866790028401545,0.024961233477695223
Bearing1_4,multimodal,11.290121417226276,1.099918941331286,0.1195630870582037,0.011648209906644991
Bearing1_4,vibration_only,18.93599561742257,3.6756872172185306,0.2005333697373011,0.03892575593389811
Bearing2_1,multimodal,11.158518220424982,1.4032614709228368,0.11158518220424977,0.01403261470922836
Bearing2_1,vibration_only,18.358382393716546,9.489119642493714,0.18358382393716544,0.09489119642493714
Bearing2_4,multimodal,16.871839605983347,4.081437888283068,0.1687183960598334,0.04081437888283067
Bearing2_4,vibration_only,31.391072468902387,2.2254724821306575,0.3139107246890238,0.022254724821306568
Bearing1_1,temperature_only,27.191520040950987,0.0028589669712104694,0.2785472784682784,2.928697872947597e-05
Bearing1_4,temperature_only,24.24690818077398,0.0017429034401327168,0.256776263653538,1.8457455685910615e-05
Bearing2_1,temperature_only,32.434267239405116,0.004378632298668305,0.3243426723940511,4.378632298665592e-05
Bearing2_4,temperature_only,19.321444477215586,0.000910459966621575,0.1932144447721558,9.104599666240891e-06
