True_RUL,Pred_RUL
100.0,99.51398
100.0,99.19386
100.0,99.63978
100.0,98.66525
100.0,97.908875
100.0,98.87254
100.0,99.26762
100.0,99.32966
100.0,99.75446
100.0,98.78531
100.0,98.859024
100.0,98.45736
100.0,98.144875
100.0,98.59081
100.0,98.52591
100.0,98.74934
100.0,98.42074
100.0,98.88353
100.0,98.22463
100.0,97.85184
100.0,98.55246
100.0,99.05253
100.0,99.34401
100.0,99.509705
100.0,100.0
100.0,100.0
100.0,100.0
100.0,100.0
100.0,100.0
100.0,100.0
100.0,100.0
100.0,100.0
100.0,100.0
100.0,100.0
100.0,100.0
100.0,100.0
100.0,100.0
100.0,100.0
100.0,100.0
100.0,100.0
100.0,100.0
100.0,100.0
100.0,100.0
100.0,100.0
100.0,100.0
100.0,100.0
100.0,100.0
100.0,100.0
100.0,100.0
100.0,100.0
100.0,100.0
100.0,100.0
100.0,100.0
100.0,100.0
100.0,100.0
100.0,100.0
100.0,100.0
100.0,100.0
100.0,100.0
100.0,100.0
100.0,100.0
100.0,100.0
100.0,100.0
100.0,100.0
100.0,100.0
100.0,100.0
100.0,100.0
100.0,100.0
100.0,100.0
100.0,100.0
100.0,100.0
100.0,100.0
100.0,100.0
100.0,100.0
100.0,100.0
100.0,100.0
100.0,100.0
100.0,100.0
100.0,100.0
100.0,100.0
100.0,100.0
100.0,100.0
100.0,100.0
100.0,100.0
100.0,100.0
100.0,100.0
100.0,95.85958
100.0,97.1836
100.0,100.0
100.0,96.26224
100.0,94.04076
100.0,87.90642
99.96052112120016,97.962746
99.8026056060008,98.81257
99.64469009080142,98.05319
99.48677457560206,98.09163
99.32885906040268,100.0
99.17094354520331,92.57616
99.01302803000397,91.69612
98.85511251480456,94.624115
98.6971969996052,95.27497
98.53928148440583,87.967255
98.38136596920648,87.387794
98.22345045400712,98.665825
98.06553493880774,92.53684
97.90761942360837,93.56648
97.749703908409,84.27338
97.59178839320964,85.77768
97.43387287801026,90.57069
97.2759573628109,88.46007
97.11804184761152,82.1177
96.96012633241216,81.78617
96.80221081721278,75.013306
96.64429530201345,80.05636
96.48637978681406,83.030556
96.32846427161468,81.80458
96.17054875641531,80.91832
96.01263324121597,91.452095
95.85471772601656,88.34125
95.6968022108172,91.67909
95.53888669561783,89.72293
95.38097118041848,86.75722
95.2230556652191,79.295425
95.06514015001974,81.86674
94.90722463482038,80.09068
94.749309119621,90.38719
94.59139360442164,88.376396
94.43347808922226,79.5976
94.2755625740229,66.7451
94.11764705882352,69.38665
93.95973154362416,70.96091
93.8018160284248,64.43013
93.64390051322542,74.76576
93.48598499802604,75.61121
93.32806948282668,89.396835
93.17015396762731,92.30726
93.01223845242797,86.41196
92.8543229372286,94.43142
92.6964074220292,99.96539
92.53849190682983,95.709274
92.38057639163048,83.4705
92.2226608764311,83.99657
92.06474536123174,80.3178
91.90682984603237,80.313545
91.748914330833,77.93339
91.59099881563364,75.85596
91.43308330043428,76.04407
91.2751677852349,65.30131
91.11725227003554,72.224464
90.95933675483616,67.81941
90.8014212396368,65.70225
90.64350572443742,71.239
90.48559020923804,79.59366
90.32767469403868,86.30741
90.16975917883931,91.52749
90.01184366363995,89.66448
89.85392814844059,88.08579
89.69601263324122,79.96045
89.53809711804185,75.79932
89.38018160284248,74.27388
89.2222660876431,83.708176
89.06435057244374,84.01397
88.90643505724437,81.09532
88.748519542045,81.48435
88.59060402684564,77.41165
88.43268851164628,77.68282
88.2747729964469,79.312965
88.11685748124754,88.93188
87.95894196604817,85.89156
87.8010264508488,80.114334
87.64311093564943,72.47317
87.48519542045005,61.692253
87.32727990525069,65.218254
87.16936439005131,58.284966
87.01144887485195,64.29521
86.85353335965259,59.515404
86.69561784445322,61.660812
86.53770232925385,62.241516
86.37978681405448,66.261894
86.2218712988551,54.879837
86.06395578365574,61.459023
85.90604026845638,64.17096
85.748124753257,56.727608
85.59020923805764,51.02825
85.43229372285826,39.923225
85.27437820765891,42.99066
85.11646269245954,48.95491
84.95854717726017,46.454895
84.8006316620608,40.46643
84.64271614686143,50.954147
84.48480063166205,63.683
84.32688511646269,65.87067
84.16896960126333,70.95542
84.01105408606395,73.53798
83.85313857086459,67.13532
83.69522305566522,65.94903
83.53730754046586,54.558434
83.37939202526648,54.57334
83.22147651006712,58.9992
83.06356099486774,60.95582
82.90564547966838,62.59088
82.747729964469,64.937004
82.58981444926964,63.66925
82.43189893407028,56.569702
82.2739834188709,50.707306
82.11606790367154,44.47518
81.95815238847217,45.60421
81.80023687327281,53.192345
81.64232135807343,54.45479
81.48440584287407,52.118217
81.32649032767469,40.821053
81.16857481247533,44.76523
81.01065929727595,47.14231
80.85274378207659,46.4746
80.69482826687721,57.907402
80.53691275167785,48.505814
80.37899723647848,50.54666
80.22108172127912,48.938576
80.06316620607976,50.9469
79.90525069088038,54.023407
79.74733517568102,59.199455
79.58941966048164,65.22008
79.43150414528228,54.533897
79.2735886300829,48.674225
79.11567311488353,54.492805
78.95775759968416,44.339645
78.79984208448481,36.710335
78.64192656928543,43.073593
78.48401105408607,45.59633
78.3260955388867,45.689445
78.16818002368733,47.051346
78.01026450848796,50.96547
77.85234899328859,47.768044
77.69443347808922,53.172485
77.53651796288985,42.930252
77.37860244769048,43.646835
77.22068693249112,50.035545
77.06277141729176,40.317795
76.90485590209238,54.482254
76.74694038689302,60.099556
76.58902487169364,59.214386
76.43110935649428,49.89933
76.27319384129491,53.081787
76.11527832609553,58.491608
75.95736281089617,56.02466
75.7994472956968,51.454582
75.64153178049743,51.642334
75.48361626529807,49.324577
75.3257007500987,50.574448
75.16778523489933,41.78575
75.00986971969996,42.54574
74.85195420450059,29.759628
74.69403868930122,38.309326
74.53612317410186,46.75128
74.37820765890248,52.022392
74.22029214370312,46.181618
74.06237662850374,55.94709
73.9044611133044,56.08429
73.74654559810502,49.81304
73.58863008290565,61.699425
73.43071456770627,51.025177
73.27279905250691,44.366608
73.11488353730753,41.0841
72.95696802210817,46.305893
72.79905250690881,47.416107
72.64113699170943,49.478027
72.48322147651007,40.679405
72.3253059613107,49.91432
72.16739044611134,53.15605
72.00947493091196,40.578407
71.8515594157126,37.01114
71.69364390051322,38.131325
71.53572838531386,30.467201
71.37781287011448,45.620506
71.21989735491512,45.15497
71.06198183971574,49.889404
70.90406632451638,54.615433
70.74615080931702,49.129463
70.58823529411765,62.72262
70.43031977891829,55.01339
70.27240426371891,66.37575
70.11448874851955,54.96617
69.95657323332017,51.789665
69.79865771812081,51.687775
69.64074220292143,61.55352
69.48282668772207,60.437073
69.32491117252269,62.89765
69.16699565732333,53.21611
69.00908014212396,41.719154
68.8511646269246,34.86611
68.69324911172524,34.343605
68.53533359652586,27.961136
68.3774180813265,38.855476
68.21950256612712,17.259117
68.06158705092776,8.642265
67.90367153572838,19.631264
67.74575602052902,26.793022
67.58784050532964,25.737885
67.42992499013029,22.644127
67.27200947493091,37.187035
67.11409395973155,31.057556
66.95617844453217,26.669357
66.79826292933281,28.837975
66.64034741413344,27.68444
66.48243189893407,35.771614
66.3245163837347,23.140617
66.16660086853533,28.104973
66.00868535333596,27.3563
65.8507698381366,32.092102
65.69285432293724,32.0944
65.53493880773786,43.151855
65.3770232925385,40.44052
65.21910777733912,32.28646
65.06119226213976,24.611397
64.90327674694039,25.657722
64.74536123174101,32.685287
64.58744571654165,25.686829
64.42953020134227,30.764816
64.27161468614291,35.273552
64.11369917094355,31.812279
63.95578365574418,36.63523
63.797868140544814,26.897133
63.63995262534544,20.537125
63.48203711014608,24.701576
63.3241215949467,18.050743
63.16620607974733,20.8162
63.00829056454796,17.07956
62.85037504934859,18.556992
62.69245953414922,31.88575
62.534544018949866,34.377403
62.376628503750496,41.06572
62.218712988551125,36.99832
62.06079747335176,40.85456
61.90288195815239,43.584785
61.74496644295302,37.00596
61.58705092775365,35.586433
61.42913541255428,29.930664
61.27121989735491,23.983955
61.11330438215554,22.338348
60.95538886695618,35.22677
60.797473351756814,25.440468
60.63955783655744,19.578842
60.48164232135807,23.903572
60.3237268061587,29.570534
60.16581129095934,24.031212
60.00789577575997,27.718102
59.8499802605606,27.84768
59.69206474536123,37.77278
59.53414923016186,37.485847
59.37623371496249,43.436607
59.21831819976313,36.018654
59.06040268456376,43.448296
58.90248716936439,46.700478
58.74457165416502,41.459564
58.58665613896565,31.659286
58.42874062376629,35.562195
58.27082510856692,27.387436
58.11290959336755,32.855453
57.95499407816818,23.3152
57.79707856296881,25.268944
57.63916304776945,26.554985
57.48124753257008,20.96627
57.32333201737071,26.173912
57.16541650217134,34.685135
57.00750098697197,21.885628
56.8495854717726,20.20382
56.69166995657323,11.791786
56.533754441373866,24.87014
56.375838926174495,25.930962
56.217923410975125,23.194191
56.06000789577577,29.022713
55.9020923805764,34.39071
55.74417686537703,32.14856
55.58626135017766,31.436256
55.42834583497829,17.570923
55.27043031977892,20.959763
55.11251480457955,30.62632
54.95459928938018,21.719017
54.796683774180806,16.19825
54.63876825898144,16.795021
54.48085274378207,20.88337
54.32293722858271,17.467964
54.16502171338335,18.621536
54.007106198183976,10.868088
53.849190682984606,5.7473373
53.69127516778524,1.3475571
53.533359652585865,2.8171844
53.375444137386495,9.983788
53.217528622187125,21.979836
53.05961310698776,16.061111
52.90169759178839,36.999443
52.74378207658903,31.406227
52.58586656138966,39.490074
52.42795104619029,29.84533
52.27003553099093,33.36425
52.112120015791554,32.078377
51.95420450059218,34.352028
51.79628898539281,33.529015
51.63837347019344,32.42238
51.48045795499407,34.756615
51.3225424397947,32.260788
51.16462692459535,30.343536
51.006711409395976,30.089935
50.848795894196606,33.748863
50.69088037899724,30.80381
50.53296486379787,32.998505
50.3750493485985,36.264214
50.21713383339913,49.289337
50.05921831819976,52.612488
49.9013028030004,54.350487
49.74338728780103,47.617744
49.58547177260166,44.315536
49.42755625740229,34.782005
49.26964074220292,43.557487
49.111725227003554,44.38334
48.95380971180418,47.886337
48.79589419660482,44.305954
48.63797868140545,29.400131
48.48006316620608,29.90992
48.32214765100672,22.650566
48.16423213580735,18.861244
48.006316620607976,8.784233
47.848401105408605,26.460625
47.69048559020924,24.331718
47.53257007500987,25.92131
47.3746545598105,27.859764
47.21673904461113,37.75396
47.05882352941176,36.78421
46.9009080142124,27.950653
46.74299249901303,40.539024
46.585076983813664,26.907455
46.42716146861429,23.443314
46.26924595341493,24.544746
46.11133043821555,23.287079
45.95341492301618,18.530258
45.79549940781682,17.545692
45.63758389261745,23.617393
45.47966837741808,25.24807
45.32175286221871,26.660599
45.16383734701934,22.072655
45.005921831819975,20.061539
44.84800631662061,27.679527
44.69009080142124,20.430779
44.53217528622187,29.415535
44.3742597710225,20.315796
44.21634425582314,28.994652
44.05842874062377,35.577675
43.9005132254244,38.183495
43.74259771022503,40.663857
43.58468219502566,56.500114
43.42676667982629,38.915123
43.26885116462692,42.293396
43.11093564942755,34.090073
42.95302013422819,38.046555
42.79510461902882,41.80134
42.637189103829456,33.579964
42.479273588630086,24.181755
42.32135807343072,36.719757
42.16344255823135,22.178482
42.005527043031975,18.217155
41.84761152783261,24.302559
41.68969601263324,26.434792
41.53178049743387,38.07437
41.3738649822345,45.403015
41.21594946703514,49.65757
41.05803395183577,54.51931
40.9001184366364,39.919945
40.74220292143704,35.39856
40.584287406237664,27.865807
40.42637189103829,19.370659
40.26845637583892,6.427376
40.11054086063956,11.493408
39.95262534544019,7.0480576
39.79470983024082,10.753105
39.63679431504145,17.093437
39.47887879984208,22.518944
39.32096328464272,21.192421
39.16304776944335,15.574501
39.00513225424398,21.756035
38.84721673904461,25.556587
38.68930122384524,25.091888
38.53138570864588,41.988136
38.37347019344651,37.46266
38.21555467824714,34.61818
38.05763916304777,30.757599
37.8997236478484,33.52961
37.74180813264904,35.438446
37.58389261744966,33.430702
37.42597710225029,30.659767
37.26806158705093,42.484962
37.11014607185156,30.695267
36.9522305566522,24.946709
36.794315041452826,19.24105
36.636399526253456,33.315125
36.478484011054086,35.58573
36.32056849585472,48.289253
36.16265298065535,52.521866
36.00473746545598,56.11753
35.84682195025661,48.22747
35.68890643505724,33.79339
35.53099091985787,32.862328
35.37307540465851,35.258728
35.215159889459144,30.570854
35.057244374259774,20.022675
34.899328859060404,18.387009
34.74141334386103,22.515038
34.58349782866166,25.84674
34.4255823134623,41.523277
34.26766679826293,34.04885
34.10975128306356,27.279968
33.95183576786419,29.736153
33.79392025266482,25.605705
33.636004737465456,41.67755
33.478089222266085,38.628944
33.32017370706672,26.594765
33.16225819186735,29.336525
33.00434267666798,26.662865
32.84642716146862,23.552422
32.68851164626925,24.9823
32.53059613106988,31.322624
32.37268061587051,24.778717
32.21476510067114,21.490501
32.056849585471774,24.19526
31.898934070272407,15.085419
31.74101855507304,15.263832
31.583103039873667,15.141342
31.425187524674296,14.245201
31.267272009474933,16.103622
31.109356494275563,18.859184
30.9514409790762,14.819099
30.793525463876826,29.427574
30.635609948677452,31.524666
30.47769443347809,27.581703
30.31977891827872,37.815956
30.16186340307935,40.959854
30.003947887879985,29.723381
29.84603237268061,29.81733
29.688116857481244,31.905647
29.53020134228188,34.663345
29.37228582708251,29.229866
29.214370311883144,20.317482
29.056454796683774,23.011467
28.898539281484403,21.454918
28.74062376628504,35.951256
28.58270825108567,25.52575
28.4247927358863,16.20597
28.266877220686933,18.35392
28.10896170548756,21.972313
27.9510461902882,28.881355
27.79313067508883,31.075577
27.63521515988946,32.79441
27.47729964469009,33.011482
27.31938412949072,29.795677
27.161468614291355,28.129875
27.003553099091988,30.634895
26.845637583892614,28.83773
26.687722068693247,37.50486
26.52980655349388,33.457634
26.371891038294518,29.074028
26.213975523095144,21.168755
26.056060007895777,25.780342
25.898144492696407,14.344307
25.74022897749704,11.367241
25.582313462297677,7.688339
25.424397947098303,15.502174
25.266482431898936,12.877121
25.10856691669957,15.942284
24.9506514015002,13.008347
24.79273588630083,1.9979782
24.63482037110146,12.7550125
24.47690485590209,21.85244
24.318989340702725,26.531815
24.16107382550336,25.427513
24.003158310303988,26.387543
23.845242795104618,16.29634
23.68732727990525,19.858406
23.52941176470588,25.145416
23.371496249506517,13.734184
23.213580734307147,20.922295
23.055665219107777,20.263008
22.89774970390841,32.11831
22.73983418870904,33.586906
22.58191867350967,45.470047
22.424003158310303,38.821533
22.266087643110936,49.816208
22.10817212791157,53.647453
21.9502566127122,36.001854
21.79234109751283,22.650246
21.63442558231346,23.584991
21.47651006711409,22.964699
21.318594551914728,12.499687
21.16067903671536,19.358032
21.002763521515988,22.26831
20.84484800631662,23.428581
20.68693249111725,19.498451
20.529016975917884,8.43045
20.37110146071852,21.103584
20.213185945519147,36.424118
20.05527043031978,38.16871
19.89735491512041,30.629532
19.73943939992104,24.254501
19.58152388472168,16.557365
19.423608369522302,17.077538
19.26569285432294,16.083397
19.10777733912357,13.008522
18.9498618239242,19.097588
18.79194630872483,27.579933
18.634030793525465,20.371643
18.4761152783261,28.176338
18.318199763126728,16.282066
18.16028424792736,25.093628
18.00236873272799,29.864082
17.84445321752862,28.425217
17.686537702329254,27.65989
17.528622187129887,19.565735
17.370706671930517,7.1883926
17.21279115673115,31.069733
17.05487564153178,24.269493
16.89696012633241,14.909622
16.739044611133043,25.882187
16.581129095933676,23.142082
16.42321358073431,25.275429
16.26529806553494,29.984962
16.10738255033557,28.141457
15.949467035136204,24.759895
15.791551519936831,33.47609
15.633636004737468,18.745605
15.475720489538098,16.418648
15.317804974338728,23.962837
15.15988945913936,9.626778
15.001973943939992,11.688118
14.844058428740622,4.921707
14.686142913541255,13.463882
14.528227398341889,14.126472
14.37031188314252,16.62217
14.21239636794315,20.34349
14.05448085274378,32.63259
13.896565337544414,4.5935593
13.738649822345044,11.556366
13.580734307145676,6.4233475
13.422818791946307,1.971672
13.26490327674694,17.082466
13.106987761547572,13.850014
12.949072246348203,19.157616
12.791156731148837,10.079536
12.633241215949468,1.8344955
12.4753257007501,0.0
12.31741018555073,0.0
12.159494670351362,1.5123367
12.001579155151994,11.9327545
11.843663639952624,21.782959
11.685748124753257,28.555878
11.527832609553888,32.568718
11.36991709435452,15.769646
11.212001579155151,32.37075
11.054086063955785,23.71569
10.896170548756414,32.095604
10.738255033557047,12.229881
10.58033951835768,8.314514
10.42242400315831,18.869392
10.264508487958942,28.311882
10.106592972759572,23.282166
9.948677457560205,35.248283
9.790761942360838,47.371727
9.63284642716147,32.949806
9.4749309119621,23.81652
9.317015396762732,16.805267
9.159099881563364,5.397438
9.001184366363995,10.973938
8.843268851164627,19.311798
8.685353335965258,39.06949
8.52743782076589,38.990837
8.369522305566521,30.437584
8.211606790367155,14.720711
8.053691275167784,18.967636
7.895775759968417,18.130386
7.737860244769049,9.274437
7.57994472956968,13.429176
7.422029214370311,20.392525
7.264113699170943,21.36142
7.106198183971575,12.906403
6.948282668772207,5.4658585
6.790367153572839,0.0
6.632451638373469,8.591934
6.474536123174102,10.928123
6.316620607974734,19.202827
6.158705092775365,13.829994
6.000789577575997,6.3163834
5.842874062376628,11.212578
5.68495854717726,26.694801
5.527043031977892,12.365822
5.369127516778524,11.255341
5.211212001579155,6.7907944
5.053296486379787,28.663536
4.895380971180419,29.38974
4.73746545598105,23.3097
4.579549940781682,26.40763
4.4216344255823135,44.13669
4.263718910382945,48.699432
4.105803395183577,45.948875
3.947887879984208,45.189804
3.78997236478484,20.043076
3.632056849585472,16.87101
3.474141334386104,7.8349
3.316225819186734,19.800575
3.158310303987367,26.345123
3.0003947887879985,21.545906
2.84247927358863,8.4945755
2.684563758389262,11.632317
2.5266482431898933,3.368309
2.368732727990525,11.861282
2.2108172127911567,3.0133133
2.0529016975917886,4.761696
1.89498618239242,5.8260193
1.7370706671930518,7.1960373
1.5791551519936835,4.58123
1.421239636794315,2.9583893
1.263324121594947,13.248581
1.1054086063955784,23.20169
0.94749309119621,22.034737
0.7895775759968418,25.704613
0.6316620607974733,33.834923
0.473746545598105,35.655907
0.3158310303987366,35.52372
0.1579155151993683,27.052284
0.0,31.030724
